date,time,latitude,longitude,object
2024-12-03,13:38:01,19.061002,72.903494,
2024-12-03,13:38:02,19.060991,72.903496,
2024-12-03,13:38:03,19.060993,72.903497,
2024-12-03,13:38:04,19.060993,72.903497,
2024-12-03,13:38:05,19.060992,72.903496,
2024-12-03,13:38:06,19.060992,72.903496,
2024-12-03,13:38:07,19.060992,72.903496,
2024-12-03,13:38:08,19.060983,72.903498,
2024-12-03,13:38:09,19.060982,72.903496,waterlogging
2024-12-03,13:38:10,19.060982,72.903496,
2024-12-03,13:38:11,19.060985,72.90349,
2024-12-03,13:38:21,19.060928,72.903548,
2024-12-03,13:38:23,19.060917,72.903565,pothole
2024-12-03,13:38:24,19.060896,72.903604,waterlogging
2024-12-03,13:38:25,19.060887,72.903619,waterlogging
2024-12-03,13:38:26,19.060872,72.903648,
2024-12-03,13:38:27,19.060858,72.903677,uneven surface
2024-12-03,13:38:28,19.060841,72.903709,crack
2024-12-03,13:38:29,19.060829,72.903744,waterlogging
2024-12-03,13:38:30,19.060814,72.903781,waterlogging
2024-12-03,13:38:31,19.060802,72.90382,crack
2024-12-03,13:38:32,19.06079,72.903857,
2024-12-03,13:38:33,19.060781,72.903896,
2024-12-03,13:38:34,19.060771,72.903929,crack
2024-12-03,13:38:35,19.060756,72.903965,
2024-12-03,13:38:36,19.06074,72.904002,
2024-12-03,13:38:37,19.060723,72.904044,
2024-12-03,13:38:38,19.060708,72.904085,crack
2024-12-03,13:38:39,19.06069,72.904121,uneven surface
2024-12-03,13:38:40,19.060667,72.904151,uneven surface
2024-12-03,13:38:41,19.060652,72.904184,
2024-12-03,13:38:42,19.060635,72.904218,
2024-12-03,13:38:43,19.060611,72.904251,waterlogging
2024-12-03,13:38:44,19.060598,72.904289,crack
2024-12-03,13:38:45,19.060582,72.904327,pothole
2024-12-03,13:38:46,19.060563,72.904369,crack
2024-12-03,13:38:47,19.060542,72.904411,
2024-12-03,13:38:48,19.060522,72.904454,
2024-12-03,13:38:49,19.0605,72.9045,pothole
2024-12-03,13:38:50,19.060481,72.904545,
2024-12-03,13:38:51,19.06046,72.90459,
2024-12-03,13:38:52,19.060442,72.904637,debris
2024-12-03,13:38:53,19.060419,72.904685,
2024-12-03,13:38:54,19.060399,72.904732,debris
2024-12-03,13:38:55,19.060377,72.904782,
2024-12-03,13:38:56,19.060352,72.904829,uneven surface
2024-12-03,13:38:57,19.060329,72.904878,pothole
2024-12-03,13:38:58,19.060305,72.90493,crack
2024-12-03,13:38:59,19.060285,72.904984,
2024-12-03,13:39:00,19.060261,72.905034,
2024-12-03,13:39:01,19.060241,72.905085,crack
2024-12-03,13:39:02,19.060219,72.90513,
2024-12-03,13:39:03,19.060196,72.905166,
2024-12-03,13:39:04,19.060181,72.905204,
2024-12-03,13:39:05,19.060163,72.905244,crack
2024-12-03,13:39:06,19.060148,72.905273,
2024-12-03,13:39:07,19.060141,72.905288,uneven surface
2024-12-03,13:39:08,19.06014,72.905309,
2024-12-03,13:39:09,19.060127,72.905318,crack
2024-12-03,13:39:10,19.060123,72.905335,crack
2024-12-03,13:39:11,19.060108,72.905371,
2024-12-03,13:39:12,19.060101,72.905385,pothole
2024-12-03,13:39:13,19.060089,72.90542,waterlogging
2024-12-03,13:39:14,19.060075,72.905453,
2024-12-03,13:39:15,19.06006,72.90549,debris
2024-12-03,13:39:16,19.060036,72.905526,
2024-12-03,13:39:17,19.060025,72.905569,crack
2024-12-03,13:39:18,19.06001,72.905597,
2024-12-03,13:39:19,19.060007,72.905608,
2024-12-03,13:39:20,19.060004,72.905619,pothole
2024-12-03,13:39:21,19.06,72.90563,waterlogging
2024-12-03,13:39:22,19.05999,72.905658,pothole
2024-12-03,13:39:23,19.059977,72.905689,
2024-12-03,13:39:24,19.059963,72.905722,debris
2024-12-03,13:39:25,19.059948,72.905756,
2024-12-03,13:39:26,19.05993,72.905793,
2024-12-03,13:39:27,19.059916,72.905831,
2024-12-03,13:39:28,19.059904,72.905862,
2024-12-03,13:39:29,19.05989,72.905892,crack
2024-12-03,13:39:30,19.059873,72.905927,
2024-12-03,13:39:31,19.059855,72.905962,waterlogging
2024-12-03,13:39:32,19.059834,72.906,waterlogging
2024-12-03,13:39:33,19.059816,72.906041,
2024-12-03,13:39:34,19.059797,72.906082,
2024-12-03,13:39:35,19.059781,72.906127,
2024-12-03,13:39:36,19.059761,72.90617,
2024-12-03,13:39:37,19.059739,72.906214,debris
2024-12-03,13:39:38,19.059718,72.90626,
2024-12-03,13:39:39,19.059695,72.906307,waterlogging
2024-12-03,13:39:40,19.059672,72.906357,
2024-12-03,13:39:41,19.059651,72.906406,
2024-12-03,13:39:42,19.059626,72.906456,
2024-12-03,13:39:43,19.059601,72.906505,crack
2024-12-03,13:39:44,19.059579,72.906555,crack
2024-12-03,13:39:45,19.059555,72.906604,
2024-12-03,13:39:46,19.059532,72.906655,
2024-12-03,13:39:47,19.059511,72.906706,
2024-12-03,13:39:48,19.059492,72.906754,crack
2024-12-03,13:39:49,19.059471,72.906802,debris
2024-12-03,13:39:50,19.05945,72.906848,
2024-12-03,13:39:51,19.059429,72.906888,uneven surface
2024-12-03,13:39:52,19.059411,72.906923,crack
2024-12-03,13:39:53,19.059389,72.906956,
2024-12-03,13:39:54,19.059375,72.906991,
2024-12-03,13:39:55,19.05936,72.907022,
2024-12-03,13:39:56,19.05934,72.90706,
2024-12-03,13:39:57,19.059322,72.907095,crack
2024-12-03,13:39:58,19.059311,72.907132,debris
2024-12-03,13:39:59,19.059297,72.907172,uneven surface
2024-12-03,13:40:00,19.059279,72.907211,
2024-12-03,13:40:01,19.059262,72.907244,
2024-12-03,13:40:02,19.059246,72.907281,
2024-12-03,13:40:03,19.059229,72.907312,
2024-12-03,13:40:04,19.059213,72.907344,
2024-12-03,13:40:05,19.059202,72.90737,
2024-12-03,13:40:06,19.059192,72.90739,
2024-12-03,13:40:07,19.059184,72.907399,
2024-12-03,13:40:08,19.059175,72.907411,
2024-12-03,13:40:09,19.059167,72.907428,crack
2024-12-03,13:40:10,19.059148,72.907453,
2024-12-03,13:40:11,19.059127,72.90749,debris
2024-12-03,13:40:12,19.05912,72.907504,
2024-12-03,13:40:13,19.0591,72.907535,
2024-12-03,13:40:14,19.059081,72.907572,
2024-12-03,13:40:15,19.059052,72.907593,
2024-12-03,13:40:16,19.059024,72.907624,debris
2024-12-03,13:40:17,19.058995,72.907652,
2024-12-03,13:40:18,19.058965,72.907685,pothole
2024-12-03,13:40:19,19.058936,72.907719,
2024-12-03,13:40:20,19.058907,72.907751,crack
2024-12-03,13:40:21,19.058878,72.907782,
2024-12-03,13:40:22,19.05885,72.907813,uneven surface
2024-12-03,13:40:23,19.05882,72.907845,
2024-12-03,13:40:24,19.058792,72.907876,crack
2024-12-03,13:40:25,19.058763,72.907909,
2024-12-03,13:40:26,19.058733,72.907939,
2024-12-03,13:40:27,19.058705,72.907969,
2024-12-03,13:40:28,19.058674,72.908001,
2024-12-03,13:40:29,19.058644,72.908028,uneven surface
2024-12-03,13:40:30,19.05862,72.908054,waterlogging
2024-12-03,13:40:31,19.058605,72.908066,waterlogging
2024-12-03,13:40:32,19.058594,72.90807,pothole
2024-12-03,13:40:33,19.058578,72.908088,waterlogging
2024-12-03,13:40:34,19.05857,72.908096,
2024-12-03,13:40:35,19.058563,72.908105,
2024-12-03,13:40:36,19.058539,72.908128,waterlogging
2024-12-03,13:40:37,19.058529,72.908137,uneven surface
2024-12-03,13:40:38,19.058502,72.908168,
2024-12-03,13:40:39,19.058493,72.90818,pothole
2024-12-03,13:40:40,19.058471,72.908209,
2024-12-03,13:40:41,19.058465,72.908216,
2024-12-03,13:40:42,19.058448,72.908233,
2024-12-03,13:40:43,19.058438,72.908241,
2024-12-03,13:40:44,19.058429,72.90825,debris
2024-12-03,13:40:45,19.058399,72.908279,
2024-12-03,13:40:46,19.058389,72.90829,
2024-12-03,13:40:47,19.058367,72.908312,
2024-12-03,13:40:48,19.058349,72.908335,
2024-12-03,13:40:49,19.05833,72.908365,debris
2024-12-03,13:40:50,19.058325,72.908371,
2024-12-03,13:40:51,19.058321,72.908371,crack
2024-12-03,13:40:52,19.058323,72.908369,
2024-12-03,13:40:53,19.058326,72.908367,
2024-12-03,13:40:54,19.058326,72.908367,
2024-12-03,13:40:55,19.058326,72.908369,
2024-12-03,13:40:56,19.058325,72.908372,
2024-12-03,13:40:57,19.05832,72.90838,
2024-12-03,13:40:58,19.058305,72.908395,
2024-12-03,13:40:59,19.058286,72.90842,
2024-12-03,13:41:00,19.058278,72.908428,
2024-12-03,13:41:01,19.05825,72.908453,debris
2024-12-03,13:41:02,19.058241,72.908461,pothole
2024-12-03,13:41:03,19.058229,72.908474,
2024-12-03,13:41:04,19.058225,72.908475,crack
2024-12-03,13:41:05,19.058228,72.908472,
2024-12-03,13:41:06,19.058229,72.908471,pothole
2024-12-03,13:41:07,19.05823,72.908472,uneven surface
2024-12-03,13:41:08,19.05823,72.908474,
2024-12-03,13:41:09,19.05823,72.908476,crack
2024-12-03,13:41:10,19.058229,72.908479,
2024-12-03,13:41:11,19.058223,72.908484,
2024-12-03,13:41:12,19.058211,72.908497,
2024-12-03,13:41:13,19.0582,72.908507,
2024-12-03,13:41:17,19.05819,72.908518,debris
2024-12-03,13:41:18,19.058179,72.908528,
2024-12-03,13:41:19,19.058169,72.908538,waterlogging
2024-12-03,13:41:20,19.058158,72.908546,
2024-12-03,13:41:21,19.058146,72.908559,
2024-12-03,13:41:22,19.058136,72.908572,waterlogging
2024-12-03,13:41:23,19.058126,72.908585,debris
2024-12-03,13:41:24,19.058101,72.908608,
2024-12-03,13:41:25,19.058092,72.908615,waterlogging
2024-12-03,13:41:26,19.058065,72.90864,
2024-12-03,13:41:27,19.058055,72.908649,debris
2024-12-03,13:41:28,19.058036,72.908674,pothole
2024-12-03,13:41:29,19.05803,72.908681,
2024-12-03,13:41:30,19.058031,72.90868,
2024-12-03,13:41:31,19.058033,72.908677,
2024-12-03,13:41:32,19.058032,72.908677,crack
2024-12-03,13:41:33,19.05802,72.908684,
2024-12-03,13:41:34,19.058005,72.908697,
2024-12-03,13:41:35,19.057981,72.908724,
2024-12-03,13:41:36,19.057973,72.908735,pothole
2024-12-03,13:41:37,19.057944,72.908772,
2024-12-03,13:41:38,19.05793,72.908786,
2024-12-03,13:41:39,19.057909,72.90881,debris
2024-12-03,13:41:40,19.057887,72.908833,
2024-12-03,13:41:41,19.057862,72.90886,
2024-12-03,13:41:42,19.057837,72.908891,
2024-12-03,13:41:43,19.057815,72.90892,debris
2024-12-03,13:41:44,19.057794,72.908945,
2024-12-03,13:41:45,19.057765,72.908971,
2024-12-03,13:41:46,19.057728,72.90899,
2024-12-03,13:41:47,19.057708,72.909018,
2024-12-03,13:41:48,19.057676,72.909038,pothole
2024-12-03,13:41:49,19.05764,72.909056,
2024-12-03,13:41:50,19.057605,72.909081,
2024-12-03,13:41:51,19.057572,72.909103,crack
2024-12-03,13:41:52,19.057571,72.909144,uneven surface
2024-12-03,13:41:53,19.057546,72.909174,
2024-12-03,13:41:54,19.057511,72.909193,
2024-12-03,13:41:55,19.057487,72.909221,
2024-12-03,13:41:56,19.057463,72.909246,crack
2024-12-03,13:41:57,19.057444,72.90928,waterlogging
2024-12-03,13:41:58,19.057426,72.909313,
2024-12-03,13:41:59,19.057395,72.909339,
2024-12-03,13:42:00,19.057368,72.909372,pothole
2024-12-03,13:42:01,19.057342,72.9094,
2024-12-03,13:42:02,19.057313,72.909425,
2024-12-03,13:42:03,19.057288,72.909454,
2024-12-03,13:42:04,19.057259,72.90948,crack
2024-12-03,13:42:05,19.057236,72.909507,waterlogging
2024-12-03,13:42:06,19.057213,72.909534,uneven surface
2024-12-03,13:42:07,19.057192,72.90956,
2024-12-03,13:42:08,19.057167,72.909582,
2024-12-03,13:42:09,19.05714,72.909601,crack
2024-12-03,13:42:10,19.057119,72.909623,pothole
2024-12-03,13:42:11,19.057101,72.909645,
2024-12-03,13:42:12,19.057075,72.909666,crack
2024-12-03,13:42:13,19.057041,72.909686,waterlogging
2024-12-03,13:42:14,19.057007,72.909706,
2024-12-03,13:42:15,19.056971,72.909722,uneven surface
2024-12-03,13:42:16,19.056942,72.909727,crack
2024-12-03,13:42:17,19.056916,72.909747,pothole
2024-12-03,13:42:18,19.056893,72.909763,waterlogging
2024-12-03,13:42:19,19.056875,72.909771,uneven surface
2024-12-03,13:42:20,19.056861,72.909778,
2024-12-03,13:42:21,19.056846,72.909782,
2024-12-03,13:42:22,19.056833,72.90979,debris
2024-12-03,13:42:23,19.056805,72.909802,crack
2024-12-03,13:42:24,19.056794,72.909805,waterlogging
2024-12-03,13:42:25,19.056777,72.909812,
2024-12-03,13:42:26,19.056762,72.909823,
2024-12-03,13:42:27,19.056738,72.90984,
2024-12-03,13:42:28,19.05673,72.909848,uneven surface
2024-12-03,13:42:29,19.056716,72.909854,
2024-12-03,13:42:30,19.056699,72.909861,debris
2024-12-03,13:42:31,19.056672,72.909877,uneven surface
2024-12-03,13:42:32,19.056662,72.909883,
2024-12-03,13:42:33,19.056645,72.909889,pothole
2024-12-03,13:42:34,19.056629,72.909896,
2024-12-03,13:42:35,19.056604,72.90991,debris
2024-12-03,13:42:36,19.056596,72.909915,
2024-12-03,13:42:37,19.056568,72.909931,
2024-12-03,13:42:38,19.056558,72.909936,
2024-12-03,13:42:39,19.056533,72.90995,
2024-12-03,13:42:40,19.056526,72.909954,pothole
2024-12-03,13:42:41,19.056509,72.909961,
2024-12-03,13:42:42,19.056502,72.909965,
2024-12-03,13:42:43,19.0565,72.909964,
2024-12-03,13:42:44,19.056482,72.909975,waterlogging
2024-12-03,13:42:45,19.05647,72.909983,
2024-12-03,13:42:46,19.056459,72.90999,
2024-12-03,13:42:47,19.056435,72.910008,
2024-12-03,13:42:48,19.056426,72.910011,waterlogging
2024-12-03,13:42:49,19.056393,72.910022,debris
2024-12-03,13:42:50,19.05638,72.910025,
2024-12-03,13:42:51,19.05635,72.910042,debris
2024-12-03,13:42:52,19.056343,72.910046,
2024-12-03,13:42:53,19.056314,72.910056,
2024-12-03,13:42:54,19.056306,72.910059,pothole
2024-12-03,13:42:55,19.056279,72.910069,
2024-12-03,13:42:56,19.056249,72.910083,
2024-12-03,13:42:57,19.05622,72.9101,debris
2024-12-03,13:42:58,19.056191,72.910118,pothole
2024-12-03,13:42:59,19.05616,72.91013,waterlogging
2024-12-03,13:43:00,19.056132,72.910141,debris
2024-12-03,13:43:01,19.056098,72.910152,uneven surface
2024-12-03,13:43:02,19.056065,72.910164,
2024-12-03,13:43:03,19.056015,72.910171,
2024-12-03,13:43:04,19.055971,72.910182,uneven surface
2024-12-03,13:43:05,19.055927,72.910195,
2024-12-03,13:43:06,19.055894,72.91022,crack
2024-12-03,13:43:07,19.055854,72.910241,
2024-12-03,13:43:08,19.05581,72.910261,
2024-12-03,13:43:09,19.055769,72.91028,uneven surface
2024-12-03,13:43:10,19.055728,72.9103,
2024-12-03,13:43:11,19.055691,72.910322,
2024-12-03,13:43:12,19.055659,72.910344,
2024-12-03,13:43:13,19.055634,72.910364,waterlogging
2024-12-03,13:43:14,19.055629,72.910368,
2024-12-03,13:43:15,19.055619,72.91038,
2024-12-03,13:43:16,19.05561,72.910387,debris
2024-12-03,13:43:17,19.055601,72.910395,
2024-12-03,13:43:18,19.055569,72.910417,
2024-12-03,13:43:19,19.055542,72.910437,
2024-12-03,13:43:20,19.055515,72.910457,
2024-12-03,13:43:21,19.05549,72.910476,
2024-12-03,13:43:22,19.055463,72.910496,
2024-12-03,13:43:23,19.055465,72.910591,crack
2024-12-03,13:43:24,19.055437,72.910607,
2024-12-03,13:43:25,19.055446,72.91066,
2024-12-03,13:43:26,19.055418,72.910685,crack
2024-12-03,13:43:27,19.055392,72.910715,waterlogging
2024-12-03,13:43:28,19.055365,72.910742,
2024-12-03,13:43:29,19.05534,72.910768,
2024-12-03,13:43:30,19.055314,72.910795,crack
2024-12-03,13:43:31,19.055286,72.910821,
2024-12-03,13:43:32,19.05527,72.910857,debris
2024-12-03,13:43:33,19.055247,72.910884,uneven surface
2024-12-03,13:43:34,19.055299,72.910859,uneven surface
2024-12-03,13:43:35,19.055289,72.910888,
2024-12-03,13:43:36,19.055286,72.910897,crack
2024-12-03,13:43:37,19.055281,72.910904,waterlogging
2024-12-03,13:43:38,19.055288,72.910894,crack
2024-12-03,13:43:39,19.055283,72.910894,
2024-12-03,13:43:40,19.055276,72.910897,crack
2024-12-03,13:43:41,19.055276,72.910897,
2024-12-03,13:43:42,19.055254,72.910898,
2024-12-03,13:43:43,19.055244,72.910901,crack
2024-12-03,13:43:44,19.055236,72.910909,crack
2024-12-03,13:43:45,19.055229,72.910917,debris
2024-12-03,13:43:46,19.055222,72.910924,waterlogging
2024-12-03,13:44:49,19.055215,72.910932,crack
2024-12-03,13:44:50,19.055207,72.91094,crack
2024-12-03,13:44:51,19.0552,72.910948,
2024-12-03,13:44:52,19.055179,72.910971,uneven surface
2024-12-03,13:44:53,19.055171,72.91098,waterlogging
2024-12-03,13:44:54,19.055161,72.911006,waterlogging
2024-12-03,13:44:55,19.055149,72.911013,
2024-12-03,13:44:56,19.05512,72.911046,uneven surface
2024-12-03,13:44:57,19.055094,72.911078,
2024-12-03,13:44:58,19.055072,72.91111,
2024-12-03,13:44:59,19.055052,72.911141,
2024-12-03,13:45:00,19.055023,72.911161,
2024-12-03,13:45:01,19.054996,72.911185,waterlogging
2024-12-03,13:45:02,19.054966,72.911212,
2024-12-03,13:45:03,19.054937,72.91124,
2024-12-03,13:45:04,19.054904,72.911267,
2024-12-03,13:45:05,19.05487,72.911301,debris
2024-12-03,13:45:06,19.054839,72.911333,
2024-12-03,13:45:07,19.054807,72.911368,crack
2024-12-03,13:45:08,19.054774,72.911403,uneven surface
2024-12-03,13:45:09,19.054743,72.911437,
2024-12-03,13:45:10,19.054713,72.91147,
2024-12-03,13:45:11,19.054683,72.911501,debris
2024-12-03,13:45:12,19.054652,72.911532,
2024-12-03,13:45:13,19.05462,72.911564,pothole
2024-12-03,13:45:14,19.054592,72.911601,
2024-12-03,13:45:15,19.054562,72.911637,pothole
2024-12-03,13:45:16,19.054533,72.911676,
2024-12-03,13:45:17,19.054502,72.911718,pothole
2024-12-03,13:45:18,19.054471,72.911761,crack
2024-12-03,13:45:19,19.05444,72.911801,
2024-12-03,13:45:20,19.05441,72.911855,
2024-12-03,13:45:21,19.054382,72.911915,
2024-12-03,13:45:22,19.054355,72.911963,
2024-12-03,13:45:23,19.054326,72.912014,
2024-12-03,13:45:24,19.054298,72.912065,uneven surface
2024-12-03,13:45:25,19.054263,72.912089,
2024-12-03,13:45:26,19.054236,72.912133,
2024-12-03,13:45:27,19.054209,72.912178,
2024-12-03,13:45:28,19.054187,72.912226,uneven surface
2024-12-03,13:45:29,19.054167,72.912279,
2024-12-03,13:45:30,19.05415,72.912334,debris
2024-12-03,13:45:31,19.054133,72.912387,
2024-12-03,13:45:32,19.054112,72.912436,waterlogging
2024-12-03,13:45:33,19.054096,72.912487,
2024-12-03,13:45:34,19.054084,72.912534,crack
2024-12-03,13:45:35,19.054076,72.912575,
2024-12-03,13:45:36,19.054067,72.912614,
2024-12-03,13:45:37,19.054062,72.912636,pothole
2024-12-03,13:45:38,19.05406,72.912645,uneven surface
2024-12-03,13:45:39,19.054051,72.912663,debris
2024-12-03,13:45:40,19.05405,72.912675,waterlogging
2024-12-03,13:45:41,19.054048,72.912687,
2024-12-03,13:45:42,19.054037,72.912731,
2024-12-03,13:45:43,19.054032,72.912746,
2024-12-03,13:45:44,19.054017,72.912788,debris
2024-12-03,13:45:45,19.054006,72.912821,
2024-12-03,13:45:46,19.053995,72.912854,
2024-12-03,13:45:47,19.053983,72.912889,
2024-12-03,13:45:48,19.053975,72.912931,debris
2024-12-03,13:45:49,19.053961,72.912974,
2024-12-03,13:45:50,19.053947,72.913017,
2024-12-03,13:45:51,19.053927,72.91307,
2024-12-03,13:45:52,19.053907,72.913114,
2024-12-03,13:45:53,19.053897,72.913169,
2024-12-03,13:45:54,19.05389,72.913225,uneven surface
2024-12-03,13:45:55,19.053874,72.913274,
2024-12-03,13:45:56,19.053857,72.913307,uneven surface
2024-12-03,13:45:57,19.053842,72.913347,crack
2024-12-03,13:45:58,19.053819,72.913388,pothole
2024-12-03,13:45:59,19.053814,72.913431,
2024-12-03,13:46:00,19.053815,72.913481,
2024-12-03,13:46:01,19.053805,72.913531,debris
2024-12-03,13:46:02,19.053797,72.913576,
2024-12-03,13:46:03,19.053787,72.913622,
2024-12-03,13:46:04,19.05378,72.913666,crack
2024-12-03,13:46:05,19.05378,72.913705,uneven surface
2024-12-03,13:46:06,19.053772,72.913747,uneven surface
2024-12-03,13:46:07,19.053768,72.91379,
2024-12-03,13:46:08,19.05376,72.913826,
2024-12-03,13:46:09,19.053752,72.913859,crack
2024-12-03,13:46:10,19.053748,72.913882,uneven surface
2024-12-03,13:46:11,19.053747,72.91389,crack
2024-12-03,13:46:12,19.05374,72.913895,crack
2024-12-03,13:46:13,19.053735,72.913901,crack
2024-12-03,13:46:14,19.053731,72.913906,
2024-12-03,13:46:15,19.053727,72.913911,
2024-12-03,13:46:16,19.053722,72.913916,
2024-12-03,13:46:17,19.053718,72.913922,
2024-12-03,13:46:18,19.053713,72.913927,
2024-12-03,13:46:19,19.053709,72.913932,
2024-12-03,13:46:20,19.053713,72.913926,pothole
2024-12-03,13:46:21,19.053717,72.913921,debris
2024-12-03,13:47:08,19.053726,72.913906,
2024-12-03,13:47:09,19.053723,72.913925,uneven surface
2024-12-03,13:47:10,19.053719,72.913942,uneven surface
2024-12-03,13:47:11,19.053708,72.91398,
2024-12-03,13:47:12,19.053704,72.914022,
2024-12-03,13:47:13,19.053691,72.914061,crack
2024-12-03,13:47:14,19.053685,72.914105,waterlogging
2024-12-03,13:47:15,19.053687,72.914151,
2024-12-03,13:47:16,19.053691,72.914169,
2024-12-03,13:47:17,19.0537,72.914205,uneven surface
2024-12-03,13:47:18,19.053704,72.914215,
2024-12-03,13:47:19,19.05373,72.914246,
2024-12-03,13:47:20,19.053737,72.914255,debris
2024-12-03,13:47:21,19.053757,72.914263,crack
2024-12-03,13:47:22,19.053773,72.914263,
2024-12-03,13:47:23,19.053801,72.914272,uneven surface
2024-12-03,13:47:24,19.053828,72.914279,
2024-12-03,13:47:25,19.053857,72.914287,
2024-12-03,13:47:26,19.05389,72.914283,
2024-12-03,13:47:27,19.053919,72.914286,
2024-12-03,13:47:28,19.053951,72.914293,waterlogging
2024-12-03,13:47:29,19.053983,72.9143,
2024-12-03,13:47:30,19.054015,72.914303,
2024-12-03,13:47:31,19.054035,72.914308,debris
2024-12-03,13:47:32,19.054042,72.914307,
2024-12-03,13:47:33,19.054041,72.914304,
2024-12-03,13:47:34,19.054046,72.914305,
2024-12-03,13:47:35,19.054073,72.914307,waterlogging
2024-12-03,13:47:36,19.054084,72.914308,uneven surface
2024-12-03,13:47:37,19.054116,72.914306,pothole
2024-12-03,13:47:38,19.054127,72.914304,
2024-12-03,13:47:39,19.054154,72.914305,
2024-12-03,13:47:40,19.054185,72.914301,
2024-12-03,13:47:41,19.054219,72.914306,
2024-12-03,13:47:42,19.054251,72.91431,
2024-12-03,13:47:43,19.05429,72.914322,debris
2024-12-03,13:47:44,19.054307,72.914323,crack
2024-12-03,13:47:45,19.05434,72.914327,uneven surface
2024-12-03,13:47:46,19.054373,72.914332,
2024-12-03,13:47:47,19.054407,72.914335,
2024-12-03,13:47:48,19.054439,72.91434,
2024-12-03,13:47:49,19.05447,72.914347,crack
2024-12-03,13:47:50,19.054502,72.914356,uneven surface
2024-12-03,13:47:51,19.054511,72.914359,
2024-12-03,13:47:52,19.054538,72.914371,
2024-12-03,13:47:53,19.054547,72.914377,waterlogging
2024-12-03,13:47:54,19.054553,72.914389,waterlogging
2024-12-03,13:47:55,19.054567,72.914407,waterlogging
2024-12-03,13:47:56,19.054568,72.91442,pothole
2024-12-03,13:47:57,19.054575,72.91444,waterlogging
2024-12-03,13:47:58,19.054575,72.914475,
2024-12-03,13:47:59,19.054575,72.914489,
2024-12-03,13:48:00,19.054573,72.914522,waterlogging
2024-12-03,13:48:01,19.054575,72.914555,
2024-12-03,13:48:02,19.054562,72.914594,waterlogging
2024-12-03,13:48:03,19.05456,72.914615,
2024-12-03,13:48:04,19.054563,72.914651,pothole
2024-12-03,13:48:05,19.054564,72.914688,
2024-12-03,13:48:06,19.054576,72.914722,pothole
2024-12-03,13:48:07,19.054582,72.914738,waterlogging
2024-12-03,13:48:08,19.054583,72.914752,
2024-12-03,13:48:09,19.0546,72.914781,debris
2024-12-03,13:48:10,19.054605,72.91479,
2024-12-03,13:48:11,19.054597,72.914817,
2024-12-03,13:48:12,19.054594,72.914829,
2024-12-03,13:48:13,19.05458,72.914861,
2024-12-03,13:48:14,19.054574,72.914873,crack
2024-12-03,13:48:15,19.054553,72.914905,
2024-12-03,13:48:16,19.054542,72.914917,
2024-12-03,13:48:17,19.054524,72.914946,pothole
2024-12-03,13:48:18,19.054503,72.914972,
2024-12-03,13:48:19,19.054482,72.914998,crack
2024-12-03,13:48:20,19.054468,72.915027,
2024-12-03,13:48:21,19.054449,72.915058,
2024-12-03,13:48:22,19.054441,72.915066,
2024-12-03,13:48:23,19.054435,72.915076,pothole
2024-12-03,13:48:24,19.054427,72.915094,uneven surface
2024-12-03,13:48:25,19.054398,72.915091,uneven surface
2024-12-03,13:48:26,19.054394,72.915106,debris
2024-12-03,13:48:27,19.054385,72.915122,
2024-12-03,13:48:28,19.054364,72.915148,debris
2024-12-03,13:48:29,19.054355,72.915156,
2024-12-03,13:48:30,19.054334,72.915177,crack
2024-12-03,13:48:31,19.054313,72.915198,
2024-12-03,13:48:32,19.054288,72.915222,
2024-12-03,13:48:33,19.054279,72.91523,
2024-12-03,13:48:34,19.054254,72.915252,crack
2024-12-03,13:48:35,19.05424,72.915259,
2024-12-03,13:48:36,19.054215,72.915281,
2024-12-03,13:48:37,19.054189,72.915309,
2024-12-03,13:48:38,19.054165,72.915334,
2024-12-03,13:48:39,19.054146,72.915359,uneven surface
2024-12-03,13:48:40,19.054123,72.915387,
2024-12-03,13:48:41,19.05411,72.915418,
2024-12-03,13:48:42,19.054099,72.915454,
2024-12-03,13:48:43,19.054093,72.915493,
2024-12-03,13:48:44,19.054082,72.915522,pothole
2024-12-03,13:48:45,19.054072,72.915553,
2024-12-03,13:48:46,19.05406,72.915585,
2024-12-03,13:48:47,19.054051,72.915618,uneven surface
2024-12-03,13:48:48,19.054039,72.915652,
2024-12-03,13:48:49,19.054032,72.915685,debris
2024-12-03,13:48:50,19.054026,72.915716,crack
2024-12-03,13:48:51,19.054022,72.915734,uneven surface
2024-12-03,13:48:52,19.054017,72.915739,
2024-12-03,13:48:53,19.054013,72.915733,uneven surface
2024-12-03,13:48:54,19.054016,72.915726,
2024-12-03,13:48:55,19.054016,72.915724,
2024-12-03,13:48:56,19.054015,72.915711,
2024-12-03,13:48:57,19.054014,72.915697,
2024-12-03,13:48:58,19.054017,72.915687,
2024-12-03,13:48:59,19.054023,72.915671,
2024-12-03,13:49:00,19.054029,72.915661,crack
2024-12-03,13:49:01,19.054039,72.915606,
2024-12-03,13:49:18,19.054043,72.915571,
2024-12-03,13:49:19,19.054047,72.915535,
2024-12-03,13:49:20,19.054051,72.915499,
2024-12-03,13:49:21,19.054063,72.915469,
2024-12-03,13:49:22,19.054069,72.915459,
2024-12-03,13:49:23,19.054083,72.915434,
2024-12-03,13:49:24,19.054104,72.91541,
2024-12-03,13:49:25,19.054132,72.915389,
2024-12-03,13:49:26,19.054152,72.915366,
2024-12-03,13:49:27,19.054167,72.915334,
2024-12-03,13:49:28,19.054197,72.915322,uneven surface
2024-12-03,13:49:29,19.054228,72.915299,
2024-12-03,13:49:30,19.054256,72.915271,
2024-12-03,13:49:31,19.054283,72.915242,uneven surface
2024-12-03,13:49:32,19.054311,72.915219,waterlogging
2024-12-03,13:49:33,19.054339,72.915194,debris
2024-12-03,13:49:34,19.054353,72.915167,waterlogging
2024-12-03,13:49:35,19.054369,72.915144,
2024-12-03,13:49:36,19.054389,72.915111,crack
2024-12-03,13:49:37,19.054394,72.9151,waterlogging
2024-12-03,13:49:38,19.054402,72.915083,
2024-12-03,13:49:39,19.054411,72.915072,
2024-12-03,13:49:40,19.054422,72.915063,
2024-12-03,13:49:41,19.054432,72.915043,waterlogging
2024-12-03,13:49:42,19.054449,72.915015,waterlogging
2024-12-03,13:49:43,19.054455,72.915005,
2024-12-03,13:49:44,19.054464,72.914988,
2024-12-03,13:49:45,19.054473,72.914976,
2024-12-03,13:49:46,19.054492,72.914964,
2024-12-03,13:49:47,19.054502,72.914957,
2024-12-03,13:49:48,19.054512,72.91495,
2024-12-03,13:49:49,19.054548,72.914924,
2024-12-03,13:49:50,19.05457,72.914897,
2024-12-03,13:49:51,19.05458,72.914859,crack
2024-12-03,13:49:52,19.054584,72.914845,
2024-12-03,13:49:53,19.054594,72.914815,
2024-12-03,13:49:54,19.054607,72.914785,crack
2024-12-03,13:49:55,19.054611,72.914753,waterlogging
2024-12-03,13:49:56,19.054618,72.914724,
2024-12-03,13:49:57,19.054613,72.914704,
2024-12-03,13:49:58,19.054619,72.91469,
2024-12-03,13:49:59,19.054616,72.914685,
2024-12-03,13:50:00,19.054616,72.914683,
2024-12-03,13:50:01,19.054615,72.914682,
2024-12-03,13:50:02,19.054615,72.914681,
2024-12-03,13:50:03,19.054614,72.914679,
2024-12-03,13:50:04,19.054613,72.914672,
2024-12-03,13:50:05,19.054614,72.914664,uneven surface
2024-12-03,13:50:06,19.054613,72.914657,
2024-12-03,13:50:07,19.054614,72.914653,pothole
2024-12-03,13:50:08,19.054612,72.914644,uneven surface
2024-12-03,13:50:09,19.054613,72.914626,
2024-12-03,13:50:10,19.054616,72.914589,
2024-12-03,13:50:11,19.054616,72.914577,uneven surface
2024-12-03,13:50:12,19.054616,72.914573,
2024-12-03,13:50:13,19.054614,72.914572,waterlogging
2024-12-03,13:50:14,19.054613,72.914568,
2024-12-03,13:50:15,19.054611,72.914548,
2024-12-03,13:50:16,19.054608,72.914516,waterlogging
2024-12-03,13:50:17,19.054605,72.914506,
2024-12-03,13:50:18,19.054597,72.914477,
2024-12-03,13:50:19,19.054579,72.91445,pothole
2024-12-03,13:50:20,19.054573,72.914444,uneven surface
2024-12-03,13:50:21,19.05456,72.914431,
2024-12-03,13:50:22,19.054546,72.914423,
2024-12-03,13:50:23,19.05453,72.914414,
2024-12-03,13:50:24,19.054514,72.914405,
2024-12-03,13:50:25,19.05448,72.914398,waterlogging
2024-12-03,13:50:26,19.05447,72.914398,
2024-12-03,13:50:27,19.054456,72.914398,
2024-12-03,13:50:28,19.054446,72.914396,
2024-12-03,13:50:29,19.054436,72.914393,crack
2024-12-03,13:50:30,19.054405,72.914387,
2024-12-03,13:50:31,19.054392,72.914386,uneven surface
2024-12-03,13:50:32,19.054355,72.91438,
2024-12-03,13:50:33,19.054342,72.914378,
2024-12-03,13:50:34,19.054312,72.914379,pothole
2024-12-03,13:50:35,19.054274,72.914373,crack
2024-12-03,13:50:36,19.054238,72.914365,crack
2024-12-03,13:50:37,19.054206,72.914359,pothole
2024-12-03,13:50:38,19.054175,72.914355,
2024-12-03,13:50:39,19.054144,72.91435,
2024-12-03,13:50:40,19.054113,72.914344,uneven surface
2024-12-03,13:50:41,19.054079,72.914341,
2024-12-03,13:50:42,19.054044,72.914337,
2024-12-03,13:50:43,19.054006,72.914334,
2024-12-03,13:50:44,19.053968,72.914327,pothole
2024-12-03,13:50:45,19.053928,72.91432,
2024-12-03,13:50:46,19.053888,72.914313,
2024-12-03,13:50:47,19.053851,72.914308,crack
2024-12-03,13:50:48,19.05382,72.914302,
2024-12-03,13:50:49,19.053801,72.914302,
2024-12-03,13:50:50,19.053794,72.914301,
2024-12-03,13:50:51,19.053792,72.914304,
2024-12-03,13:50:52,19.053788,72.914308,
2024-12-03,13:50:53,19.053782,72.914308,
2024-12-03,13:50:54,19.053776,72.914308,debris
2024-12-03,13:50:55,19.053771,72.914309,pothole
2024-12-03,13:50:56,19.053765,72.914309,
2024-12-03,13:50:57,19.053759,72.914309,pothole
2024-12-03,13:50:58,19.053753,72.914309,
2024-12-03,13:50:59,19.053755,72.914299,waterlogging
2024-12-03,13:51:00,19.053764,72.9143,crack
2024-12-03,13:52:15,19.053748,72.914306,debris
2024-12-03,13:52:16,19.053729,72.914307,
2024-12-03,13:52:17,19.053715,72.914305,pothole
2024-12-03,13:52:18,19.053698,72.914305,crack
2024-12-03,13:52:19,19.053684,72.914304,debris
2024-12-03,13:52:20,19.053676,72.914303,pothole
2024-12-03,13:52:21,19.053668,72.914309,
2024-12-03,13:52:22,19.053662,72.914319,debris
2024-12-03,13:52:23,19.053664,72.914327,
2024-12-03,13:52:24,19.05366,72.914329,waterlogging
2024-12-03,13:52:25,19.053655,72.914331,
2024-12-03,13:52:26,19.053653,72.914332,
2024-12-03,13:52:27,19.053637,72.914345,
2024-12-03,13:52:28,19.053619,72.914374,debris
2024-12-03,13:52:29,19.053615,72.914385,
2024-12-03,13:52:30,19.053615,72.914411,
2024-12-03,13:52:31,19.05362,72.914424,
2024-12-03,13:52:32,19.053631,72.914452,debris
2024-12-03,13:52:33,19.053603,72.91449,pothole
2024-12-03,13:52:34,19.053588,72.914521,
2024-12-03,13:52:35,19.053577,72.914549,
2024-12-03,13:52:36,19.053571,72.914569,pothole
2024-12-03,13:52:37,19.053567,72.914583,
2024-12-03,13:52:38,19.053549,72.914613,
2024-12-03,13:52:39,19.053528,72.914679,
2024-12-03,13:52:40,19.053511,72.914723,
2024-12-03,13:52:41,19.053495,72.914766,uneven surface
2024-12-03,13:52:42,19.05348,72.914808,
2024-12-03,13:52:43,19.053465,72.914849,pothole
2024-12-03,13:52:44,19.05345,72.914891,
2024-12-03,13:52:45,19.053436,72.914931,
2024-12-03,13:52:46,19.053425,72.914966,
2024-12-03,13:52:47,19.053416,72.914997,
2024-12-03,13:52:48,19.053401,72.914957,
2024-12-03,13:52:49,19.053381,72.914988,
2024-12-03,13:52:50,19.053351,72.915017,
2024-12-03,13:52:51,19.05334,72.915034,waterlogging
2024-12-03,13:52:52,19.053322,72.915069,
2024-12-03,13:52:53,19.053305,72.91511,
2024-12-03,13:52:54,19.053287,72.91515,
2024-12-03,13:52:55,19.05326,72.915201,
2024-12-03,13:52:56,19.053228,72.915231,pothole
2024-12-03,13:52:57,19.053207,72.915282,
2024-12-03,13:52:58,19.053188,72.915324,
2024-12-03,13:52:59,19.05316,72.915358,
2024-12-03,13:53:00,19.053133,72.915393,
2024-12-03,13:53:01,19.053108,72.915432,uneven surface
2024-12-03,13:53:02,19.053076,72.915473,
2024-12-03,13:53:03,19.053044,72.915511,
2024-12-03,13:53:04,19.053014,72.915549,pothole
2024-12-03,13:53:05,19.052987,72.915585,
2024-12-03,13:53:06,19.05296,72.915621,
2024-12-03,13:53:07,19.052936,72.915665,uneven surface
2024-12-03,13:53:08,19.05291,72.915708,debris
2024-12-03,13:53:09,19.052886,72.915753,waterlogging
2024-12-03,13:53:10,19.052869,72.915799,
2024-12-03,13:53:11,19.052859,72.915839,
2024-12-03,13:53:12,19.052842,72.915866,
2024-12-03,13:53:13,19.052831,72.915895,uneven surface
2024-12-03,13:53:14,19.052818,72.915921,crack
2024-12-03,13:53:15,19.052808,72.915935,
2024-12-03,13:53:16,19.052802,72.915946,
2024-12-03,13:53:17,19.052776,72.915961,uneven surface
2024-12-03,13:53:18,19.052761,72.915966,
2024-12-03,13:53:19,19.052742,72.916009,
2024-12-03,13:53:20,19.052727,72.916042,crack
2024-12-03,13:53:21,19.052721,72.916052,crack
2024-12-03,13:53:22,19.052709,72.916082,waterlogging
2024-12-03,13:53:23,19.052693,72.916121,
2024-12-03,13:53:24,19.052677,72.91616,
2024-12-03,13:53:25,19.05266,72.916205,
2024-12-03,13:53:26,19.052641,72.916252,waterlogging
2024-12-03,13:53:27,19.052621,72.916299,crack
2024-12-03,13:53:28,19.052601,72.916348,uneven surface
2024-12-03,13:53:29,19.052577,72.916396,debris
2024-12-03,13:53:30,19.052556,72.916443,
2024-12-03,13:53:31,19.052536,72.916488,
2024-12-03,13:53:32,19.052516,72.916531,
2024-12-03,13:53:33,19.052493,72.916572,
2024-12-03,13:53:34,19.052469,72.916618,
2024-12-03,13:53:35,19.052446,72.916661,
2024-12-03,13:53:36,19.052421,72.916704,
2024-12-03,13:53:37,19.052395,72.916745,
2024-12-03,13:53:38,19.052367,72.916787,
2024-12-03,13:53:39,19.052337,72.91683,
2024-12-03,13:53:40,19.052306,72.91687,
2024-12-03,13:53:41,19.052273,72.916911,
2024-12-03,13:53:42,19.05224,72.916952,
2024-12-03,13:53:43,19.052212,72.916998,crack
2024-12-03,13:53:44,19.052179,72.917038,waterlogging
2024-12-03,13:53:45,19.05215,72.917074,
2024-12-03,13:53:46,19.05213,72.917097,
2024-12-03,13:53:47,19.052104,72.91713,
2024-12-03,13:53:48,19.052095,72.917141,pothole
2024-12-03,13:53:49,19.05207,72.917171,
2024-12-03,13:53:50,19.052045,72.917199,
2024-12-03,13:53:51,19.052025,72.917224,
2024-12-03,13:53:52,19.052005,72.917253,
2024-12-03,13:53:53,19.051986,72.91729,
2024-12-03,13:53:54,19.051963,72.917325,pothole
2024-12-03,13:53:55,19.051945,72.917361,
2024-12-03,13:53:56,19.051923,72.917393,debris
2024-12-03,13:53:57,19.051907,72.917425,
2024-12-03,13:53:58,19.051885,72.917455,crack
2024-12-03,13:53:59,19.05186,72.917487,crack
2024-12-03,13:54:00,19.051837,72.917522,waterlogging
2024-12-03,13:54:01,19.051809,72.917558,
2024-12-03,13:54:02,19.051785,72.917604,
2024-12-03,13:54:03,19.05176,72.917647,
2024-12-03,13:54:04,19.051733,72.917688,uneven surface
2024-12-03,13:54:05,19.05171,72.917724,
2024-12-03,13:54:06,19.051676,72.91774,
2024-12-03,13:54:07,19.05165,72.917787,
2024-12-03,13:54:08,19.051625,72.917824,
2024-12-03,13:54:09,19.051602,72.91787,
2024-12-03,13:54:10,19.051572,72.917912,
2024-12-03,13:54:11,19.051545,72.91795,waterlogging
2024-12-03,13:54:12,19.051518,72.91799,crack
2024-12-03,13:54:13,19.051484,72.918025,pothole
2024-12-03,13:54:14,19.051454,72.91806,uneven surface
2024-12-03,13:54:15,19.051425,72.9181,
2024-12-03,13:54:16,19.051397,72.918138,
2024-12-03,13:54:17,19.051369,72.918175,
2024-12-03,13:54:18,19.051346,72.918206,
2024-12-03,13:54:19,19.05132,72.918236,crack
2024-12-03,13:54:20,19.051312,72.918244,crack
2024-12-03,13:54:21,19.051301,72.918253,
2024-12-03,13:54:22,19.051286,72.918265,
2024-12-03,13:54:23,19.051278,72.918286,
2024-12-03,13:54:24,19.051273,72.918298,
2024-12-03,13:54:25,19.051267,72.91831,
2024-12-03,13:54:26,19.051242,72.918342,uneven surface
2024-12-03,13:54:27,19.051222,72.918375,
2024-12-03,13:54:28,19.051205,72.918404,
2024-12-03,13:54:29,19.051185,72.918433,
2024-12-03,13:54:30,19.051164,72.918463,debris
2024-12-03,13:54:31,19.051158,72.918473,debris
2024-12-03,13:54:32,19.051144,72.918495,
2024-12-03,13:54:33,19.051137,72.91851,debris
2024-12-03,13:54:34,19.05113,72.918524,
2024-12-03,13:54:35,19.051111,72.918558,debris
2024-12-03,13:54:36,19.051083,72.918583,
2024-12-03,13:54:37,19.051059,72.918612,
2024-12-03,13:54:38,19.051033,72.918646,
2024-12-03,13:54:39,19.051007,72.918684,pothole
2024-12-03,13:54:40,19.05098,72.918727,waterlogging
2024-12-03,13:54:41,19.05095,72.918767,pothole
2024-12-03,13:54:42,19.050923,72.918806,
2024-12-03,13:54:43,19.050897,72.918848,
2024-12-03,13:54:44,19.050871,72.918886,waterlogging
2024-12-03,13:54:45,19.050841,72.918923,debris
2024-12-03,13:54:46,19.050811,72.918964,
2024-12-03,13:54:47,19.050781,72.919007,
2024-12-03,13:54:48,19.050753,72.919049,
2024-12-03,13:54:49,19.050712,72.919102,uneven surface
2024-12-03,13:54:50,19.050675,72.919149,waterlogging
2024-12-03,13:54:51,19.050643,72.919193,uneven surface
2024-12-03,13:54:52,19.050619,72.919238,
2024-12-03,13:54:53,19.050588,72.919278,
2024-12-03,13:54:54,19.050562,72.919323,
2024-12-03,13:54:55,19.050534,72.919368,debris
2024-12-03,13:54:56,19.050511,72.919415,pothole
2024-12-03,13:54:57,19.050485,72.919464,
2024-12-03,13:54:58,19.050464,72.91951,
2024-12-03,13:54:59,19.05044,72.919554,debris
2024-12-03,13:55:00,19.050419,72.919596,
2024-12-03,13:55:01,19.050392,72.91964,
2024-12-03,13:55:02,19.050372,72.919686,
2024-12-03,13:55:03,19.050356,72.919723,
2024-12-03,13:55:04,19.050348,72.919752,
2024-12-03,13:55:05,19.050333,72.919778,
2024-12-03,13:55:06,19.050322,72.919811,uneven surface
2024-12-03,13:55:07,19.050311,72.91984,
2024-12-03,13:55:08,19.050326,72.919867,
2024-12-03,13:55:09,19.050321,72.919902,
2024-12-03,13:55:10,19.050317,72.91994,
2024-12-03,13:55:11,19.050312,72.919953,waterlogging
2024-12-03,13:55:12,19.050287,72.919988,crack
2024-12-03,13:55:13,19.050274,72.920035,crack
2024-12-03,13:55:14,19.050264,72.920075,
2024-12-03,13:55:15,19.050252,72.920107,debris
2024-12-03,13:55:16,19.050237,72.920139,waterlogging
2024-12-03,13:55:17,19.050222,72.92017,uneven surface
2024-12-03,13:55:18,19.050203,72.920199,
2024-12-03,13:55:19,19.050182,72.920226,
2024-12-03,13:55:20,19.050157,72.920251,debris
2024-12-03,13:55:21,19.050136,72.920271,
2024-12-03,13:55:22,19.050114,72.920292,uneven surface
2024-12-03,13:55:23,19.05009,72.920313,
2024-12-03,13:55:24,19.050063,72.920337,
2024-12-03,13:55:25,19.050055,72.920342,
2024-12-03,13:55:26,19.050041,72.920355,pothole
2024-12-03,13:55:27,19.05003,72.920363,crack
2024-12-03,13:55:28,19.049999,72.92038,
2024-12-03,13:55:29,19.049987,72.920386,
2024-12-03,13:55:30,19.049957,72.920391,uneven surface
2024-12-03,13:55:31,19.049929,72.920399,crack
2024-12-03,13:55:32,19.049899,72.920394,
2024-12-03,13:55:33,19.049866,72.920401,
2024-12-03,13:55:34,19.049851,72.920402,
2024-12-03,13:55:35,19.049818,72.920398,waterlogging
2024-12-03,13:55:36,19.049778,72.920405,crack
2024-12-03,13:55:37,19.04976,72.920403,
2024-12-03,13:55:38,19.049718,72.920404,
2024-12-03,13:55:39,19.0497,72.920402,waterlogging
2024-12-03,13:55:40,19.049657,72.920394,uneven surface
2024-12-03,13:55:41,19.049631,72.920383,
2024-12-03,13:55:42,19.049598,72.920389,
2024-12-03,13:55:43,19.049586,72.920389,
2024-12-03,13:55:44,19.049558,72.9204,
2024-12-03,13:55:45,19.049549,72.92041,waterlogging
2024-12-03,13:55:46,19.049517,72.920414,
2024-12-03,13:55:47,19.049504,72.920416,waterlogging
2024-12-03,13:55:48,19.049434,72.920398,debris
2024-12-03,13:55:49,19.049392,72.920386,pothole
2024-12-03,13:55:50,19.049374,72.920383,uneven surface
2024-12-03,13:55:51,19.049337,72.920377,waterlogging
2024-12-03,13:55:52,19.049296,72.920377,
2024-12-03,13:55:53,19.049254,72.920366,
2024-12-03,13:55:54,19.049205,72.92034,
2024-12-03,13:55:55,19.049157,72.920322,
2024-12-03,13:55:56,19.049115,72.920316,debris
2024-12-03,13:55:57,19.049074,72.920317,
2024-12-03,13:55:58,19.049032,72.920316,
2024-12-03,13:55:59,19.04899,72.920314,
2024-12-03,13:56:00,19.048951,72.920316,waterlogging
2024-12-03,13:56:01,19.048912,72.920319,pothole
2024-12-03,13:56:02,19.048871,72.920318,debris
2024-12-03,13:56:03,19.048868,72.920327,
2024-12-03,13:56:04,19.048855,72.920348,
2024-12-03,13:56:05,19.048819,72.920352,pothole
2024-12-03,13:56:06,19.048793,72.920341,waterlogging
2024-12-03,13:56:07,19.048751,72.920336,uneven surface
2024-12-03,13:56:08,19.048711,72.920337,debris
2024-12-03,13:56:09,19.048674,72.920342,waterlogging
2024-12-03,13:56:10,19.048626,72.920341,
2024-12-03,13:56:11,19.048648,72.92037,
2024-12-03,13:56:12,19.048624,72.920365,waterlogging
2024-12-03,13:56:13,19.048614,72.920362,pothole
2024-12-03,13:56:14,19.048538,72.920367,waterlogging
2024-12-03,13:56:15,19.048476,72.920371,uneven surface
2024-12-03,13:56:16,19.048431,72.920366,
2024-12-03,13:56:17,19.048383,72.920368,
2024-12-03,13:56:18,19.048264,72.920147,
2024-12-03,13:56:19,19.048235,72.920115,
2024-12-03,13:56:20,19.048204,72.920078,crack
2024-12-03,13:56:21,19.048172,72.920062,
2024-12-03,13:56:22,19.048024,72.920137,uneven surface
2024-12-03,13:56:23,19.047992,72.920133,crack
2024-12-03,13:56:24,19.047962,72.920108,
2024-12-03,13:56:25,19.047922,72.920087,
2024-12-03,13:56:26,19.047883,72.92007,debris
2024-12-03,13:56:27,19.047847,72.920059,
2024-12-03,13:56:28,19.047809,72.920038,
2024-12-03,13:56:29,19.047766,72.920019,debris
2024-12-03,13:56:30,19.047721,72.91999,
2024-12-03,13:56:31,19.047677,72.91996,
2024-12-03,13:56:32,19.047633,72.919932,pothole
2024-12-03,13:56:33,19.047589,72.919902,
2024-12-03,13:56:34,19.047546,72.919877,
2024-12-03,13:56:35,19.0475,72.919856,
2024-12-03,13:56:36,19.047457,72.919828,
2024-12-03,13:56:37,19.047412,72.919811,crack
2024-12-03,13:56:38,19.047372,72.919789,uneven surface
2024-12-03,13:56:39,19.047334,72.919759,
2024-12-03,13:56:40,19.047289,72.919742,debris
2024-12-03,13:56:41,19.047187,72.919803,debris
2024-12-03,13:56:42,19.047121,72.919819,
2024-12-03,13:56:43,19.047152,72.919725,waterlogging
2024-12-03,13:56:44,19.047117,72.919708,uneven surface
2024-12-03,13:56:45,19.047077,72.919694,
2024-12-03,13:56:46,19.047041,72.919676,pothole
2024-12-03,13:56:47,19.047008,72.919652,crack
2024-12-03,13:56:48,19.046996,72.919649,
2024-12-03,13:56:49,19.046978,72.919638,debris
2024-12-03,13:56:50,19.046979,72.919674,uneven surface
2024-12-03,13:56:51,19.046999,72.91972,pothole
2024-12-03,13:56:52,19.046966,72.919705,
2024-12-03,13:56:53,19.046953,72.9197,pothole
2024-12-03,13:56:54,19.046918,72.919687,
2024-12-03,13:56:55,19.046881,72.919674,
2024-12-03,13:56:56,19.046848,72.919664,
2024-12-03,13:56:57,19.046811,72.919655,debris
2024-12-03,13:56:58,19.046746,72.919628,debris
2024-12-03,13:56:59,19.046681,72.919601,waterlogging
2024-12-03,13:57:00,19.046616,72.919568,
2024-12-03,13:57:01,19.046548,72.919533,
2024-12-03,13:57:02,19.046489,72.919499,
2024-12-03,13:57:03,19.04644,72.919469,
2024-12-03,13:57:04,19.046402,72.919445,
2024-12-03,13:57:05,19.046374,72.919428,
2024-12-03,13:57:06,19.046341,72.919406,
2024-12-03,13:57:07,19.046323,72.91939,
2024-12-03,13:57:08,19.046312,72.919379,
2024-12-03,13:57:09,19.046301,72.919369,
2024-12-03,13:57:10,19.046266,72.919347,pothole
2024-12-03,13:57:11,19.046241,72.919329,
2024-12-03,13:57:12,19.046206,72.919299,debris
2024-12-03,13:57:13,19.046167,72.919259,
2024-12-03,13:57:14,19.046123,72.919217,debris
2024-12-03,13:57:15,19.046074,72.919173,
2024-12-03,13:57:16,19.046028,72.919134,pothole
2024-12-03,13:57:17,19.045981,72.919094,uneven surface
2024-12-03,13:57:18,19.045948,72.919062,
2024-12-03,13:57:19,19.04591,72.919028,
2024-12-03,13:57:20,19.045856,72.918971,uneven surface
2024-12-03,13:57:21,19.045805,72.918924,
2024-12-03,13:57:22,19.045759,72.918879,waterlogging
2024-12-03,13:57:23,19.045711,72.918836,uneven surface
2024-12-03,13:57:24,19.045673,72.918802,debris
2024-12-03,13:57:25,19.045645,72.918781,
2024-12-03,13:57:26,19.045632,72.91877,debris
2024-12-03,13:57:27,19.045621,72.91876,
2024-12-03,13:57:28,19.045599,72.91875,
2024-12-03,13:57:29,19.045588,72.918745,
2024-12-03,13:57:30,19.045592,72.91875,
2024-12-03,13:57:31,19.045587,72.918749,
2024-12-03,13:57:32,19.045585,72.918748,
2024-12-03,13:57:33,19.045579,72.918746,crack
2024-12-03,13:57:34,19.045575,72.918746,
2024-12-03,13:57:35,19.045576,72.918746,
2024-12-03,13:57:36,19.045563,72.91874,
2024-12-03,13:57:37,19.045554,72.918737,debris
2024-12-03,13:57:38,19.045545,72.918731,
2024-12-03,13:57:39,19.045543,72.918727,debris
2024-12-03,13:57:40,19.045541,72.918725,
2024-12-03,13:57:41,19.045533,72.918715,
2024-12-03,13:57:42,19.045508,72.918681,
2024-12-03,13:57:43,19.0455,72.918669,
2024-12-03,13:57:44,19.045474,72.918646,
2024-12-03,13:57:45,19.045463,72.918638,pothole
2024-12-03,13:57:46,19.045423,72.918614,
2024-12-03,13:57:47,19.045407,72.918604,crack
2024-12-03,13:57:48,19.045374,72.918576,waterlogging
2024-12-03,13:57:49,19.045346,72.918553,
2024-12-03,13:57:50,19.045334,72.918567,
2024-12-03,13:57:51,19.045313,72.918561,
2024-12-03,13:57:52,19.045282,72.918539,
2024-12-03,13:57:53,19.045242,72.918509,
2024-12-03,13:57:54,19.045211,72.918496,
2024-12-03,13:57:55,19.04519,72.918475,
2024-12-03,13:57:56,19.045144,72.918449,
2024-12-03,13:57:57,19.045095,72.918424,
2024-12-03,13:57:58,19.04505,72.918397,
2024-12-03,13:57:59,19.045006,72.918367,waterlogging
2024-12-03,13:58:00,19.044967,72.91835,
2024-12-03,13:58:01,19.044926,72.918329,debris
2024-12-03,13:58:02,19.044884,72.918331,crack
2024-12-03,13:58:03,19.044867,72.918332,
2024-12-03,13:58:04,19.044839,72.918323,
2024-12-03,13:58:05,19.044827,72.91832,
2024-12-03,13:58:06,19.04481,72.918318,
2024-12-03,13:58:07,19.044797,72.918326,crack
2024-12-03,13:58:08,19.044776,72.91835,
2024-12-03,13:58:09,19.044765,72.91836,uneven surface
2024-12-03,13:58:10,19.044752,72.918388,
2024-12-03,13:58:11,19.044733,72.918439,
2024-12-03,13:58:12,19.044725,72.918493,
2024-12-03,13:58:13,19.04471,72.918547,
2024-12-03,13:58:14,19.044695,72.918596,
2024-12-03,13:58:15,19.044671,72.918647,
2024-12-03,13:58:16,19.04466,72.918715,waterlogging
2024-12-03,13:58:17,19.044652,72.918792,
2024-12-03,13:58:18,19.044633,72.918872,
2024-12-03,13:58:19,19.044609,72.918945,waterlogging
2024-12-03,13:58:20,19.044589,72.919016,
2024-12-03,13:58:21,19.044569,72.919091,crack
2024-12-03,13:58:22,19.044548,72.919171,crack
2024-12-03,13:58:23,19.044521,72.919262,debris
2024-12-03,13:58:24,19.044501,72.919359,debris
2024-12-03,13:58:25,19.044484,72.919453,pothole
2024-12-03,13:58:26,19.044458,72.919547,pothole
2024-12-03,13:58:27,19.044435,72.919642,
2024-12-03,13:58:28,19.044408,72.91974,waterlogging
2024-12-03,13:58:29,19.044383,72.919839,uneven surface
2024-12-03,13:58:30,19.044357,72.919937,
2024-12-03,13:58:31,19.04433,72.920038,waterlogging
2024-12-03,13:58:32,19.044299,72.920142,
2024-12-03,13:58:33,19.044271,72.920246,
2024-12-03,13:58:34,19.044242,72.920356,pothole
2024-12-03,13:58:35,19.044203,72.920462,crack
2024-12-03,13:58:36,19.044154,72.920576,
2024-12-03,13:58:37,19.044133,72.92067,
2024-12-03,13:58:38,19.044106,72.920775,waterlogging
2024-12-03,13:58:39,19.044078,72.92088,uneven surface
2024-12-03,13:58:40,19.044046,72.920983,pothole
2024-12-03,13:58:41,19.044015,72.921085,pothole
2024-12-03,13:58:42,19.043983,72.921191,crack
2024-12-03,13:58:43,19.043956,72.92129,
2024-12-03,13:58:44,19.043929,72.921394,waterlogging
2024-12-03,13:58:45,19.043899,72.921494,
2024-12-03,13:58:46,19.043867,72.921597,
2024-12-03,13:58:47,19.043841,72.921695,
2024-12-03,13:58:48,19.043817,72.921785,
2024-12-03,13:58:49,19.043792,72.921871,
2024-12-03,13:58:50,19.043767,72.921954,
2024-12-03,13:58:51,19.043743,72.922035,debris
2024-12-03,13:58:52,19.043719,72.922115,
2024-12-03,13:58:53,19.043704,72.922185,crack
2024-12-03,13:58:54,19.043683,72.922259,
2024-12-03,13:58:55,19.043665,72.92233,crack
2024-12-03,13:58:56,19.043646,72.922396,pothole
2024-12-03,14:58:05,19.047871,72.909714,
2024-12-03,14:58:06,19.047896,72.909726,crack
2024-12-03,14:58:07,19.047948,72.909739,
2024-12-03,14:58:08,19.047997,72.909749,
2024-12-03,14:58:09,19.048044,72.90976,waterlogging
2024-12-03,14:58:10,19.048084,72.909773,
2024-12-03,14:58:11,19.048114,72.909775,
2024-12-03,14:58:12,19.048141,72.909781,
2024-12-03,14:58:13,19.048168,72.909789,
2024-12-03,14:58:14,19.0482,72.9098,
2024-12-03,14:58:15,19.048214,72.909804,
2024-12-03,14:58:16,19.048257,72.909816,
2024-12-03,14:58:17,19.048307,72.909834,
2024-12-03,14:58:18,19.048351,72.90985,
2024-12-03,14:58:19,19.048399,72.909858,
2024-12-03,14:58:20,19.048466,72.909873,
2024-12-03,14:58:21,19.048531,72.90989,
2024-12-03,14:58:22,19.048596,72.909907,
2024-12-03,14:58:23,19.048661,72.909924,
2024-12-03,14:58:24,19.048724,72.90994,
2024-12-03,14:58:25,19.048785,72.909957,pothole
2024-12-03,14:58:26,19.048849,72.909972,uneven surface
2024-12-03,14:58:27,19.048911,72.90999,
2024-12-03,14:58:28,19.048969,72.910004,
2024-12-03,14:58:29,19.049028,72.910026,crack
2024-12-03,14:58:30,19.049085,72.910045,
2024-12-03,14:58:31,19.049152,72.910069,uneven surface
2024-12-03,14:58:32,19.049228,72.910096,
2024-12-03,14:58:33,19.049313,72.910124,
2024-12-03,14:58:34,19.049394,72.910152,debris
2024-12-03,14:58:35,19.049471,72.910174,
2024-12-03,14:58:36,19.049554,72.9102,
2024-12-03,14:58:37,19.049643,72.910228,
2024-12-03,14:58:38,19.049733,72.910256,pothole
2024-12-03,14:58:39,19.049843,72.910293,
2024-12-03,14:58:40,19.04996,72.91032,
2024-12-03,14:58:41,19.050053,72.910339,
2024-12-03,14:58:42,19.050153,72.910365,
2024-12-03,14:58:43,19.050245,72.910388,
2024-12-03,14:58:44,19.050335,72.910406,
2024-12-03,14:58:45,19.050424,72.91042,
2024-12-03,14:58:46,19.050518,72.91043,
2024-12-03,14:58:47,19.050613,72.910442,
2024-12-03,14:58:48,19.050709,72.910452,
2024-12-03,14:58:49,19.0508,72.910468,
2024-12-03,14:58:50,19.050889,72.910475,debris
2024-12-03,14:58:51,19.050976,72.91047,debris
2024-12-03,14:58:52,19.051059,72.910468,pothole
2024-12-03,14:58:53,19.051138,72.910471,
2024-12-03,14:58:54,19.051216,72.91048,
2024-12-03,14:58:55,19.051279,72.910486,debris
2024-12-03,14:58:56,19.051339,72.91049,pothole
2024-12-03,14:58:57,19.051396,72.910494,
2024-12-03,14:58:58,19.051453,72.910497,
2024-12-03,14:58:59,19.051506,72.910498,
2024-12-03,14:59:00,19.051565,72.910507,
2024-12-03,14:59:01,19.051603,72.910516,
2024-12-03,14:59:02,19.05168,72.910512,debris
2024-12-03,14:59:03,19.05174,72.910513,
2024-12-03,14:59:04,19.051801,72.910518,
2024-12-03,14:59:05,19.051861,72.910524,
2024-12-03,14:59:06,19.051912,72.910524,
2024-12-03,14:59:07,19.051968,72.910525,pothole
2024-12-03,14:59:08,19.052027,72.910526,
2024-12-03,14:59:09,19.052083,72.910534,uneven surface
2024-12-03,14:59:10,19.05213,72.910538,
2024-12-03,14:59:11,19.052179,72.910545,
2024-12-03,14:59:12,19.052239,72.910553,
2024-12-03,14:59:13,19.052303,72.910564,uneven surface
2024-12-03,14:59:14,19.052381,72.91057,
2024-12-03,14:59:15,19.052452,72.910569,
2024-12-03,14:59:16,19.05251,72.91057,
2024-12-03,14:59:17,19.052574,72.910574,
2024-12-03,14:59:18,19.052644,72.910578,
2024-12-03,14:59:19,19.052704,72.910583,
2024-12-03,14:59:20,19.052781,72.910588,
2024-12-03,14:59:21,19.052844,72.910591,crack
2024-12-03,14:59:22,19.05291,72.910599,
2024-12-03,14:59:23,19.052975,72.910603,
2024-12-03,14:59:24,19.053042,72.910609,waterlogging
2024-12-03,14:59:25,19.053105,72.910615,
2024-12-03,14:59:26,19.053166,72.91062,pothole
2024-12-03,14:59:27,19.053227,72.910623,uneven surface
2024-12-03,14:59:28,19.053288,72.910627,
2024-12-03,14:59:29,19.053343,72.910635,debris
2024-12-03,14:59:30,19.053399,72.910642,pothole
2024-12-03,14:59:31,19.053444,72.910651,
2024-12-03,14:59:32,19.053482,72.910661,
2024-12-03,14:59:33,19.053514,72.910668,
2024-12-03,14:59:34,19.053548,72.910674,pothole
2024-12-03,14:59:35,19.053586,72.910677,
2024-12-03,14:59:36,19.053619,72.91068,
2024-12-03,14:59:37,19.053662,72.910686,waterlogging
2024-12-03,14:59:38,19.053704,72.910692,
2024-12-03,14:59:39,19.053748,72.910698,
2024-12-03,14:59:40,19.053793,72.910709,waterlogging
2024-12-03,14:59:41,19.053833,72.910717,debris
2024-12-03,14:59:42,19.05387,72.910723,
2024-12-03,14:59:43,19.053912,72.91073,
2024-12-03,14:59:44,19.053954,72.910739,pothole
2024-12-03,14:59:45,19.053998,72.910749,
2024-12-03,14:59:46,19.05404,72.91076,
2024-12-03,14:59:47,19.054083,72.910771,
2024-12-03,14:59:48,19.054128,72.91078,
2024-12-03,14:59:49,19.054168,72.910787,waterlogging
2024-12-03,14:59:50,19.054197,72.910792,
2024-12-03,14:59:51,19.054226,72.9108,
2024-12-03,14:59:52,19.054237,72.910803,debris
2024-12-03,14:59:53,19.054275,72.910807,
2024-12-03,14:59:54,19.054288,72.910811,pothole
2024-12-03,14:59:55,19.054314,72.910818,
2024-12-03,14:59:56,19.054345,72.910827,
2024-12-03,14:59:57,19.054376,72.910835,crack
2024-12-03,14:59:58,19.054407,72.910842,waterlogging
2024-12-03,14:59:59,19.054438,72.910848,
2024-12-03,15:00:00,19.054468,72.910853,uneven surface
2024-12-03,15:00:01,19.054496,72.910857,uneven surface
2024-12-03,15:00:02,19.054538,72.910863,crack
2024-12-03,15:00:03,19.054552,72.910866,
2024-12-03,15:00:04,19.054575,72.91087,crack
2024-12-03,15:00:05,19.054588,72.910872,waterlogging
2024-12-03,15:00:06,19.054603,72.910874,
2024-12-03,15:00:07,19.054619,72.910878,
2024-12-03,15:00:08,19.054634,72.91088,crack
2024-12-03,15:00:09,19.05464,72.910881,
2024-12-03,15:00:10,19.054647,72.910882,uneven surface
2024-12-03,15:00:11,19.054661,72.910882,
2024-12-03,15:00:12,19.054679,72.910882,crack
2024-12-03,15:00:13,19.054713,72.910881,
2024-12-03,15:00:14,19.054723,72.910882,uneven surface
2024-12-03,15:00:15,19.054742,72.910889,
2024-12-03,15:00:16,19.054749,72.910894,
2024-12-03,15:00:17,19.054757,72.910899,
2024-12-03,15:00:18,19.054764,72.910904,
2024-12-03,15:00:19,19.054772,72.910909,
2024-12-03,15:00:20,19.05478,72.910914,
2024-12-03,15:00:21,19.054787,72.910918,debris
2024-12-03,15:00:22,19.054795,72.910923,
2024-12-03,15:00:23,19.054803,72.910928,
2024-12-03,15:00:24,19.05481,72.910933,
2024-12-03,15:00:25,19.054818,72.910938,
2024-12-03,15:01:20,19.054825,72.910943,crack
2024-12-03,15:01:21,19.054833,72.910948,
2024-12-03,15:01:22,19.054864,72.910956,
2024-12-03,15:01:23,19.054891,72.910966,
2024-12-03,15:01:24,19.05492,72.910969,debris
2024-12-03,15:01:25,19.054951,72.910966,
2024-12-03,15:01:26,19.054982,72.910957,
2024-12-03,15:01:27,19.055014,72.910943,
2024-12-03,15:01:28,19.055049,72.91094,pothole
2024-12-03,15:01:29,19.055083,72.910927,uneven surface
2024-12-03,15:01:30,19.055108,72.910901,
2024-12-03,15:01:31,19.05514,72.910861,debris
2024-12-03,15:01:32,19.055157,72.910837,crack
2024-12-03,15:01:33,19.055187,72.910806,debris
2024-12-03,15:01:34,19.055217,72.910768,
2024-12-03,15:01:35,19.055244,72.910735,
2024-12-03,15:01:36,19.055265,72.910711,crack
2024-12-03,15:01:37,19.055284,72.91069,
2024-12-03,15:01:38,19.05529,72.910683,
2024-12-03,15:01:39,19.055301,72.91067,crack
2024-12-03,15:01:40,19.055312,72.910658,
2024-12-03,15:01:41,19.055322,72.910646,debris
2024-12-03,15:01:42,19.055332,72.910634,debris
2024-12-03,15:01:43,19.055342,72.910623,
2024-12-03,15:01:44,19.055353,72.910612,
2024-12-03,15:01:45,19.055362,72.910604,
2024-12-03,15:01:46,19.055362,72.910606,waterlogging
2024-12-03,15:01:47,19.05536,72.910606,waterlogging
2024-12-03,15:01:48,19.055359,72.910607,
2024-12-03,15:01:49,19.055359,72.910607,
2024-12-03,15:01:50,19.055359,72.910607,pothole
2024-12-03,15:01:51,19.055362,72.910606,
2024-12-03,15:01:52,19.055371,72.910598,
2024-12-03,15:01:53,19.055373,72.910595,
2024-12-03,15:01:54,19.055372,72.910596,
2024-12-03,15:01:55,19.055372,72.910596,
2024-12-03,15:01:56,19.055372,72.910596,debris
2024-12-03,15:01:57,19.055372,72.910596,
2024-12-03,15:01:58,19.055372,72.910596,
2024-12-03,15:01:59,19.055372,72.910596,
2024-12-03,15:02:00,19.055372,72.910596,
2024-12-03,15:02:01,19.055372,72.910596,uneven surface
2024-12-03,15:02:02,19.055372,72.910596,debris
2024-12-03,15:02:04,19.055424,72.910553,waterlogging
2024-12-03,15:02:05,19.055437,72.91054,crack
2024-12-03,15:02:06,19.05546,72.910522,
2024-12-03,15:02:07,19.055469,72.910514,
2024-12-03,15:02:08,19.055494,72.910492,
2024-12-03,15:02:09,19.055517,72.910468,uneven surface
2024-12-03,15:02:10,19.055542,72.910445,
2024-12-03,15:02:11,19.055567,72.910422,
2024-12-03,15:02:12,19.055594,72.910403,
2024-12-03,15:02:13,19.055612,72.910395,pothole
2024-12-03,15:02:14,19.055621,72.910389,waterlogging
2024-12-03,15:02:15,19.055628,72.910385,
2024-12-03,15:02:16,19.055632,72.910381,
2024-12-03,15:02:17,19.055641,72.910379,
2024-12-03,15:02:18,19.055652,72.910373,
2024-12-03,15:02:19,19.055665,72.910365,
2024-12-03,15:02:20,19.055681,72.910356,pothole
2024-12-03,15:02:21,19.055702,72.910345,waterlogging
2024-12-03,15:02:22,19.055708,72.910341,waterlogging
2024-12-03,15:02:23,19.055715,72.910337,
2024-12-03,15:02:24,19.055723,72.910332,
2024-12-03,15:02:25,19.055733,72.910327,uneven surface
2024-12-03,15:02:26,19.055742,72.910322,
2024-12-03,15:02:27,19.055746,72.91032,uneven surface
2024-12-03,15:02:28,19.055769,72.910307,
2024-12-03,15:02:29,19.055793,72.910295,crack
2024-12-03,15:02:30,19.055802,72.910289,
2024-12-03,15:02:31,19.055834,72.910275,
2024-12-03,15:02:32,19.055844,72.91027,
2024-12-03,15:02:33,19.055862,72.910262,
2024-12-03,15:02:34,19.055874,72.910258,
2024-12-03,15:02:35,19.055889,72.910253,pothole
2024-12-03,15:02:36,19.055894,72.91025,
2024-12-03,15:02:37,19.0559,72.910248,uneven surface
2024-12-03,15:02:38,19.055905,72.910245,
2024-12-03,15:02:39,19.05591,72.910243,
2024-12-03,15:02:40,19.055937,72.910234,
2024-12-03,15:02:41,19.055945,72.910231,
2024-12-03,15:02:42,19.055962,72.910226,
2024-12-03,15:02:43,19.055974,72.910221,
2024-12-03,15:02:44,19.056001,72.910214,
2024-12-03,15:02:45,19.05601,72.910211,debris
2024-12-03,15:02:46,19.056043,72.910199,uneven surface
2024-12-03,15:02:47,19.056053,72.910194,
2024-12-03,15:02:48,19.056082,72.910184,
2024-12-03,15:02:49,19.05609,72.910182,crack
2024-12-03,15:02:50,19.056117,72.910174,waterlogging
2024-12-03,15:02:51,19.056126,72.910171,debris
2024-12-03,15:02:52,19.056145,72.91016,crack
2024-12-03,15:02:53,19.056155,72.910157,
2024-12-03,15:02:54,19.056165,72.910153,crack
2024-12-03,15:02:55,19.056197,72.91014,crack
2024-12-03,15:02:56,19.056208,72.910136,
2024-12-03,15:02:57,19.056238,72.910125,
2024-12-03,15:02:58,19.056248,72.910121,
2024-12-03,15:02:59,19.056258,72.910117,
2024-12-03,15:03:00,19.056266,72.910113,debris
2024-12-03,15:03:01,19.056276,72.910109,
2024-12-03,15:03:02,19.056288,72.910104,uneven surface
2024-12-03,15:03:03,19.0563,72.910096,
2024-12-03,15:03:04,19.05633,72.910079,
2024-12-03,15:03:05,19.056341,72.910073,
2024-12-03,15:03:06,19.056371,72.91006,
2024-12-03,15:03:07,19.056399,72.910048,
2024-12-03,15:03:08,19.056426,72.910034,
2024-12-03,15:03:09,19.056452,72.91002,
2024-12-03,15:03:10,19.056472,72.910005,
2024-12-03,15:03:12,19.056489,72.909994,
2024-12-03,15:03:13,19.056504,72.909984,
2024-12-03,15:03:14,19.056519,72.909975,
2024-12-03,15:03:15,19.056532,72.909966,pothole
2024-12-03,15:03:16,19.056545,72.909958,uneven surface
2024-12-03,15:03:17,19.056557,72.909949,crack
2024-12-03,15:03:18,19.056569,72.90994,
2024-12-03,15:03:19,19.056583,72.909931,
2024-12-03,15:03:20,19.056593,72.909923,uneven surface
2024-12-03,15:03:21,19.056608,72.909914,waterlogging
2024-12-03,15:03:22,19.056622,72.909907,
2024-12-03,15:03:23,19.056657,72.909886,
2024-12-03,15:03:24,19.05667,72.909877,
2024-12-03,15:03:25,19.056704,72.909854,
2024-12-03,15:03:26,19.056762,72.909815,
2024-12-03,15:03:27,19.056797,72.909791,
2024-12-03,15:03:28,19.056836,72.909765,uneven surface
2024-12-03,15:03:29,19.056875,72.909739,
2024-12-03,15:03:30,19.056912,72.909712,
2024-12-03,15:03:31,19.056949,72.909686,
2024-12-03,15:03:32,19.056984,72.909659,
2024-12-03,15:03:33,19.057017,72.909632,
2024-12-03,15:03:34,19.057052,72.909603,uneven surface
2024-12-03,15:03:35,19.057083,72.909574,waterlogging
2024-12-03,15:03:36,19.057108,72.909545,
2024-12-03,15:03:37,19.057132,72.909524,uneven surface
2024-12-03,15:03:38,19.057149,72.909511,
2024-12-03,15:03:39,19.057153,72.909506,
2024-12-03,15:03:40,19.057159,72.909501,pothole
2024-12-03,15:03:41,19.057163,72.909496,waterlogging
2024-12-03,15:03:42,19.057171,72.909488,
2024-12-03,15:03:43,19.057183,72.909474,debris
2024-12-03,15:03:44,19.057206,72.909449,
2024-12-03,15:03:45,19.057214,72.909438,waterlogging
2024-12-03,15:03:46,19.057237,72.909415,
2024-12-03,15:03:47,19.057261,72.909389,
2024-12-03,15:03:48,19.057286,72.909364,pothole
2024-12-03,15:03:49,19.057315,72.909335,
2024-12-03,15:03:50,19.057342,72.909311,
2024-12-03,15:03:51,19.057366,72.909285,waterlogging
2024-12-03,15:03:52,19.057392,72.909257,
2024-12-03,15:03:53,19.057418,72.909231,uneven surface
2024-12-03,15:03:54,19.05744,72.909212,debris
2024-12-03,15:03:55,19.057462,72.909192,
2024-12-03,15:03:56,19.057484,72.909175,debris
2024-12-03,15:03:57,19.057507,72.909153,debris
2024-12-03,15:03:58,19.05753,72.909126,crack
2024-12-03,15:03:59,19.057552,72.909092,
2024-12-03,15:04:00,19.057578,72.909059,
2024-12-03,15:04:01,19.057609,72.909028,
2024-12-03,15:04:02,19.057645,72.908998,
2024-12-03,15:04:03,19.057679,72.908959,pothole
2024-12-03,15:04:04,19.057713,72.908928,
2024-12-03,15:04:05,19.057748,72.908896,pothole
2024-12-03,15:04:06,19.057783,72.908861,
2024-12-03,15:04:07,19.057815,72.908828,
2024-12-03,15:04:08,19.057847,72.908793,crack
2024-12-03,15:04:09,19.057881,72.908758,crack
2024-12-03,15:04:10,19.057916,72.908724,
2024-12-03,15:04:11,19.05795,72.90869,
2024-12-03,15:04:12,19.057984,72.908655,
2024-12-03,15:04:13,19.058016,72.908624,waterlogging
2024-12-03,15:04:14,19.058045,72.908592,uneven surface
2024-12-03,15:04:15,19.058071,72.908562,
2024-12-03,15:04:16,19.0581,72.908532,waterlogging
2024-12-03,15:04:17,19.058131,72.908502,pothole
2024-12-03,15:04:18,19.058161,72.90847,
2024-12-03,15:04:19,19.058192,72.908435,
2024-12-03,15:04:20,19.058223,72.908402,debris
2024-12-03,15:04:21,19.058254,72.908366,crack
2024-12-03,15:04:22,19.058286,72.908333,
2024-12-03,15:04:23,19.058303,72.908288,
2024-12-03,15:04:24,19.058322,72.908258,
2024-12-03,15:04:25,19.058344,72.908239,
2024-12-03,15:04:26,19.058369,72.908205,
2024-12-03,15:04:27,19.058378,72.908194,pothole
2024-12-03,15:04:28,19.058398,72.908172,debris
2024-12-03,15:04:29,19.058427,72.908146,uneven surface
2024-12-03,15:04:30,19.058453,72.908117,
2024-12-03,15:04:31,19.058473,72.90809,
2024-12-03,15:04:32,19.058494,72.908067,uneven surface
2024-12-03,15:04:33,19.058502,72.908058,
2024-12-03,15:04:34,19.058528,72.908029,
2024-12-03,15:04:35,19.058539,72.908016,
2024-12-03,15:04:36,19.05857,72.907986,pothole
2024-12-03,15:04:37,19.058595,72.907959,
2024-12-03,15:04:38,19.058622,72.907931,pothole
2024-12-03,15:04:39,19.058648,72.9079,crack
2024-12-03,15:04:40,19.058674,72.907869,waterlogging
2024-12-03,15:04:41,19.058705,72.907839,
2024-12-03,15:04:42,19.058739,72.907806,pothole
2024-12-03,15:04:43,19.058772,72.907774,
2024-12-03,15:04:44,19.058806,72.907741,uneven surface
2024-12-03,15:04:45,19.058838,72.907707,uneven surface
2024-12-03,15:04:46,19.058871,72.907675,uneven surface
2024-12-03,15:04:47,19.058903,72.907642,debris
2024-12-03,15:04:48,19.058935,72.90761,pothole
2024-12-03,15:04:49,19.058967,72.907576,
2024-12-03,15:04:50,19.058999,72.907548,
2024-12-03,15:04:51,19.059027,72.907516,
2024-12-03,15:04:52,19.059052,72.907481,
2024-12-03,15:04:53,19.059076,72.907447,
2024-12-03,15:04:54,19.059094,72.907418,waterlogging
2024-12-03,15:04:55,19.0591,72.907409,crack
2024-12-03,15:04:56,19.059124,72.907379,
2024-12-03,15:04:57,19.059133,72.907366,
2024-12-03,15:04:58,19.059149,72.90733,
2024-12-03,15:04:59,19.059165,72.907299,crack
2024-12-03,15:05:00,19.059182,72.907263,
2024-12-03,15:05:01,19.0592,72.907225,
2024-12-03,15:05:02,19.059218,72.907191,pothole
2024-12-03,15:05:03,19.05923,72.907165,debris
2024-12-03,15:05:04,19.059246,72.907131,
2024-12-03,15:05:05,19.059265,72.907096,
2024-12-03,15:05:06,19.059282,72.907062,
2024-12-03,15:05:07,19.059302,72.907018,debris
2024-12-03,15:05:08,19.05932,72.906975,waterlogging
2024-12-03,15:05:09,19.059336,72.906934,uneven surface
2024-12-03,15:05:10,19.059345,72.906901,
2024-12-03,15:05:11,19.059357,72.906864,crack
2024-12-03,15:05:12,19.059374,72.906832,
2024-12-03,15:05:13,19.059393,72.906801,
2024-12-03,15:05:14,19.059411,72.906775,
2024-12-03,15:05:15,19.059424,72.906741,waterlogging
2024-12-03,15:05:16,19.059439,72.9067,
2024-12-03,15:05:17,19.059457,72.906653,
2024-12-03,15:05:18,19.059478,72.906606,
2024-12-03,15:05:19,19.059499,72.906559,crack
2024-12-03,15:05:20,19.05952,72.90651,crack
2024-12-03,15:05:21,19.059544,72.90646,waterlogging
2024-12-03,15:05:22,19.059566,72.906413,
2024-12-03,15:05:23,19.059589,72.906364,
2024-12-03,15:05:24,19.059611,72.906315,
2024-12-03,15:05:25,19.059637,72.906264,
2024-12-03,15:05:26,19.059659,72.906218,
2024-12-03,15:05:27,19.059681,72.906173,
2024-12-03,15:05:28,19.059702,72.906127,
2024-12-03,15:05:29,19.059725,72.906079,
2024-12-03,15:05:30,19.059749,72.90603,
2024-12-03,15:05:31,19.059773,72.905979,
2024-12-03,15:05:32,19.059799,72.90593,uneven surface
2024-12-03,15:05:33,19.059821,72.90588,
2024-12-03,15:05:34,19.059842,72.905827,uneven surface
2024-12-03,15:05:35,19.059863,72.905776,
2024-12-03,15:05:36,19.059885,72.905725,crack
2024-12-03,15:05:37,19.0599,72.905684,waterlogging
2024-12-03,15:05:38,19.059911,72.905658,
2024-12-03,15:05:39,19.059918,72.905641,uneven surface
2024-12-03,15:05:40,19.059925,72.905624,
2024-12-03,15:05:41,19.059943,72.905586,
2024-12-03,15:05:42,19.05995,72.905569,
2024-12-03,15:05:43,19.059965,72.905535,crack
2024-12-03,15:05:44,19.059983,72.905499,
2024-12-03,15:05:45,19.059998,72.905464,
2024-12-03,15:05:46,19.060014,72.905431,crack
2024-12-03,15:05:47,19.060028,72.905401,
2024-12-03,15:05:48,19.060042,72.905371,
2024-12-03,15:05:49,19.060053,72.905344,
2024-12-03,15:05:50,19.06006,72.90533,
2024-12-03,15:05:51,19.060069,72.905314,
2024-12-03,15:05:52,19.060084,72.905283,waterlogging
2024-12-03,15:05:53,19.060091,72.905269,
2024-12-03,15:05:54,19.060107,72.905235,
2024-12-03,15:05:55,19.060121,72.905203,uneven surface
2024-12-03,15:05:56,19.060135,72.905171,debris
2024-12-03,15:05:57,19.060153,72.905135,pothole
2024-12-03,15:05:58,19.060173,72.905094,
2024-12-03,15:05:59,19.060195,72.90505,
2024-12-03,15:06:00,19.060214,72.905006,
2024-12-03,15:06:01,19.060235,72.904959,
2024-12-03,15:06:02,19.060258,72.90491,
2024-12-03,15:06:03,19.060276,72.904858,
2024-12-03,15:06:04,19.0603,72.90481,waterlogging
2024-12-03,15:06:05,19.060322,72.904759,uneven surface
2024-12-03,15:06:06,19.060337,72.904715,uneven surface
2024-12-03,15:06:07,19.060354,72.904672,
2024-12-03,15:06:08,19.06037,72.904632,debris
2024-12-03,15:06:09,19.060394,72.904599,
2024-12-03,15:06:10,19.060413,72.904561,
2024-12-03,15:06:11,19.06043,72.904523,
2024-12-03,15:06:12,19.06045,72.904487,pothole
2024-12-03,15:06:13,19.060468,72.904453,uneven surface
2024-12-03,15:06:14,19.060484,72.904413,
2024-12-03,15:06:15,19.060501,72.904376,
2024-12-03,15:06:16,19.060518,72.904341,pothole
2024-12-03,15:06:17,19.06053,72.904301,waterlogging
2024-12-03,15:06:18,19.06054,72.904262,waterlogging
2024-12-03,15:06:19,19.060553,72.904224,uneven surface
2024-12-03,15:06:20,19.060569,72.904189,uneven surface
2024-12-03,15:06:21,19.060594,72.904153,uneven surface
2024-12-03,15:06:22,19.060613,72.904117,
2024-12-03,15:06:23,19.060632,72.90408,
2024-12-03,15:06:24,19.06065,72.904042,
2024-12-03,15:06:25,19.060669,72.904004,crack
2024-12-03,15:06:26,19.060689,72.903965,waterlogging
2024-12-03,15:06:27,19.060708,72.903923,
2024-12-03,15:06:28,19.060726,72.903882,uneven surface
2024-12-03,15:06:29,19.060746,72.903843,
2024-12-03,15:06:30,19.060762,72.903803,waterlogging
2024-12-03,15:06:31,19.060775,72.903763,
2024-12-03,15:06:32,19.060793,72.903725,
2024-12-03,15:06:33,19.060811,72.903688,uneven surface
2024-12-03,15:06:34,19.060825,72.903652,waterlogging
2024-12-03,15:06:35,19.060842,72.903617,uneven surface
2024-12-03,15:06:36,19.060859,72.903582,
2024-12-03,15:06:37,19.060876,72.903549,
2024-12-03,15:06:38,19.060892,72.90352,
2024-12-03,15:06:39,19.060908,72.90349,
2024-12-03,15:06:40,19.060922,72.903462,
2024-12-03,15:06:41,19.06094,72.903424,
2024-12-03,15:06:42,19.060945,72.90341,
2024-12-03,15:06:43,19.060955,72.903382,pothole
2024-12-03,15:06:44,19.060973,72.903345,uneven surface
2024-12-03,15:06:45,19.060978,72.903332,
2024-12-03,15:06:46,19.060996,72.903297,
2024-12-03,15:06:47,19.061001,72.903285,
2024-12-03,15:06:48,19.061013,72.903255,crack
2024-12-03,15:06:49,19.061026,72.903223,
2024-12-03,15:06:50,19.061039,72.903185,
2024-12-03,15:06:51,19.061056,72.903143,
2024-12-03,15:06:52,19.061078,72.903101,
2024-12-03,15:06:53,19.061098,72.90306,
2024-12-03,15:06:54,19.061116,72.903019,
2024-12-03,15:06:55,19.061135,72.90298,
2024-12-03,15:06:56,19.061152,72.902942,waterlogging
2024-12-03,15:06:57,19.061168,72.902906,
2024-12-03,15:06:58,19.061184,72.90287,pothole
2024-12-03,15:06:59,19.0612,72.902835,waterlogging
2024-12-03,15:07:00,19.06122,72.902795,
2024-12-03,15:07:01,19.061242,72.902754,uneven surface
2024-12-03,15:07:02,19.061264,72.902711,
2024-12-03,15:07:03,19.061288,72.902664,crack
2024-12-03,15:07:04,19.061311,72.902614,crack
2024-12-03,15:07:05,19.061333,72.90256,uneven surface
2024-12-03,15:07:06,19.06135,72.902503,
2024-12-03,15:07:07,19.061369,72.902444,
2024-12-03,15:07:08,19.061389,72.902384,crack
2024-12-03,15:07:09,19.06141,72.902329,
2024-12-03,15:07:10,19.06143,72.902275,debris
2024-12-03,15:07:11,19.061447,72.902224,
2024-12-03,15:07:12,19.061461,72.902177,debris
2024-12-03,15:07:13,19.06148,72.902131,pothole
2024-12-03,15:07:14,19.061499,72.902088,crack
2024-12-03,15:07:15,19.061518,72.902047,
2024-12-03,15:07:16,19.061534,72.902008,
2024-12-03,15:07:17,19.061551,72.901964,waterlogging
2024-12-03,15:07:18,19.061565,72.901921,
2024-12-03,15:07:19,19.06158,72.901876,
2024-12-03,15:07:20,19.061604,72.901825,uneven surface
2024-12-03,15:07:21,19.061622,72.901778,
2024-12-03,15:07:22,19.061639,72.90173,
2024-12-03,15:07:23,19.061657,72.901682,
2024-12-03,15:07:24,19.061675,72.901635,debris
2024-12-03,15:07:25,19.061697,72.901589,
2024-12-03,15:07:26,19.061716,72.901549,crack
2024-12-03,15:07:27,19.061737,72.901502,
2024-12-03,15:07:28,19.061756,72.901458,
2024-12-03,15:07:29,19.061776,72.901414,
2024-12-03,15:07:30,19.061795,72.90137,pothole
2024-12-03,15:07:31,19.061812,72.901331,waterlogging
2024-12-03,15:07:32,19.06183,72.901292,
2024-12-03,15:07:33,19.061846,72.901256,crack
2024-12-03,15:07:34,19.061865,72.901219,crack
2024-12-03,15:07:35,19.061881,72.901184,pothole
2024-12-03,15:07:36,19.061898,72.901152,
2024-12-03,15:07:37,19.061912,72.901119,
2024-12-03,15:07:38,19.061927,72.901083,
2024-12-03,15:07:39,19.061943,72.901047,waterlogging
2024-12-03,15:07:40,19.061958,72.901013,
2024-12-03,15:07:41,19.061968,72.900979,
2024-12-03,15:07:42,19.061981,72.900939,pothole
2024-12-03,15:07:43,19.061993,72.900904,
2024-12-03,15:07:44,19.062001,72.900867,
2024-12-03,15:07:45,19.062017,72.900836,
2024-12-03,15:07:46,19.062021,72.900828,debris
2024-12-03,15:07:47,19.062027,72.900818,
2024-12-03,15:07:48,19.06203,72.900808,
2024-12-03,15:07:49,19.062034,72.900799,debris
2024-12-03,15:07:50,19.062036,72.900794,
2024-12-03,15:07:51,19.062038,72.900793,
2024-12-03,15:07:52,19.062039,72.90079,
2024-12-03,15:07:53,19.06204,72.900786,crack
2024-12-03,15:07:54,19.062044,72.900777,pothole
2024-12-03,15:07:55,19.062047,72.900767,
2024-12-03,15:07:56,19.062049,72.900757,crack
2024-12-03,15:07:57,19.062051,72.900743,uneven surface
2024-12-03,15:07:58,19.062051,72.90073,uneven surface
2024-12-03,15:07:59,19.062048,72.900721,
2024-12-03,15:08:00,19.062043,72.900718,
2024-12-03,15:08:01,19.062042,72.900711,debris
2024-12-03,15:08:02,19.062038,72.900703,
2024-12-03,15:08:03,19.062037,72.900702,
2024-12-03,15:08:04,19.062042,72.900706,uneven surface
2024-12-03,15:08:05,19.062043,72.900709,waterlogging
2024-12-03,15:08:06,19.062045,72.900711,
2024-12-03,15:08:07,19.062044,72.900712,debris
2024-12-03,15:08:08,19.062044,72.900712,uneven surface
2024-12-03,15:08:09,19.062044,72.900712,debris
